Time,ActiveStake
1385337589,0.25268726778446543
1385423926,0.2527331226850901
1385510218,0.2760427815205379
1385596311,0.2594850231777845
1385682872,0.2767986716501581
1385769582,0.2668555341534676
1385855897,0.4762962807536152
1385933243,11.207141349943619
1386016051,13.463650365289446
1386114864,2.116094309375598
1386194944,0.4599121820983478
1386287367,0.34126613519737725
1386374243,0.33784723156317725
1386460664,0.42204239602377663
1386546433,0.37672379160922786
1386632657,0.3647674950279562
1386719350,0.3545850157375241
1386804881,0.6014919360052927
1386889969,0.3103332571908355
1386974295,0.4050242366224611
1387064683,0.3387599488682182
1387151993,0.2803762684959366
1387238260,0.17442605769850444
1387324386,0.17392232098225263
1387411093,0.2337644596103985
1387497389,0.19358068893091393
1387583771,0.20763241180865072
1387664919,0.19985272957987016
1387756553,2.979380249906244
1387843175,1.672425935188198
1387926172,0.8128842662616971
1388015480,1.1079342863609878
1388090370,0.3070625820137765
1388187519,0.25093949351706185
1388273190,0.7293271111000935
1388336897,0.33561903567807183
1388445172,0.213157862658651
1388534189,1.8449086849757574
1388619127,0.26221711793792585
1388706102,0.4387714193210596
1388793427,0.4046385566105398
1388878915,0.3095336449654281
1388965350,0.365260803562896
1389052251,0.47682375719316017
1389138122,0.5263439650859992
1389224463,0.24581512292291488
1389311760,0.25815886524509063
1389397249,0.19165144419346183
1389483650,0.16206032470897577
1389567888,0.21720969434769055
1389657254,0.19077133048515332
1389742820,0.18696837568771446
1389830294,0.1804519332455436
1389916772,0.18606712405749998
1390002839,0.161477451547946
1390089411,0.14750245532250852
1390174068,0.1508273200389926
1390261809,0.13553627915680647
1390348079,0.14561083518785617
1390434238,0.2168222763055506
1390521341,0.19312624229987801
1390607635,0.23325440354212615
1390692537,0.22088075704257973
1390776122,0.17503023766322534
1390866804,0.24947668440387
1390952904,0.2478143705049056
1391038683,0.1777018923754513
1391126144,0.23307429138719982
1391210951,0.26181386373246895
1391299098,0.22158218118297363
1391385386,0.1926502718466787
1391471943,0.18858101118092518
1391557267,0.19314920054153492
1391644593,0.2503294449103075
1391730937,0.3067651373561874
1391817380,0.3955156222778013
1391903767,0.38089748979280497
1391990358,0.36543085649480517
1392075939,0.32576291747929254
1392162977,0.2219568768869401
1392249304,0.2360228778052819
1392335660,0.21651005207148183
1392422009,0.27873862236332353
1392508667,0.2922890005685645
1392593433,0.2514365962448463
1392681092,0.2029531245875861
1392767665,0.2267340259930096
1392853746,0.20896818901117623
1392940761,0.21572011989183518
1393025384,0.19888450932992863
1393112693,0.17615819238314037
1393199487,0.19093532437964078
1393286385,0.20122791217370042
1393372466,0.20995132894493826
1393458128,0.21058701504370828
1393545510,0.27026117841617414
1393630747,0.32336407865171013
1393718014,0.29966607453782435
1393804781,0.2778208536642508
1393890883,0.28441876328118654
1393977496,0.260949086265123
1394063491,0.2703782683529608
1394150064,0.2506185183559707
1394236622,0.3298162744827991
1394322854,0.38052471848064495
1394409572,0.3465122977952107
1394495301,0.28037780160908476
1394581998,0.2917589911711625
1394668463,0.24508717708141373
1394755099,0.26355152149688693
1394841169,0.26380763637136484
1394927976,0.28251778284670104
1395013688,0.26500971997599254
1395100489,0.24420472538227728
1395186939,0.2579879781232173
1395272441,0.24594936619337449
1395359673,0.26203084025324186
1395446171,0.2820003989762581
1395531995,0.30087673480928856
1395619042,0.2661792231110113
1395705109,0.23860019187150702
1395790668,0.24298003904828555
1395877676,0.2526844610660077
1395962973,0.24000237807115626
1396050758,0.23702664578855404
1396137530,0.23455871817564905
1396223983,0.2571901149537502
1396307782,0.25075094991212066
1396396719,1.942922820943773
1396482975,0.21259792918379533
1396569541,0.23476535014924238
1396654365,0.23623230332025097
1396742291,0.2312748444030257
1396828743,0.2208751546313859
1396914731,0.24252246568394428
1397000986,0.22496800792117078
1397087854,0.2575644728941464
1397174381,0.2357230249687344
1397260083,0.22747548318408167
1397343948,0.22034974726262882
1397433519,0.22370514677397746
1397519299,0.21976292958245197
1397606272,0.22368617285163353
1397692051,0.23148695911839504
1397778378,0.2321423592074591
1397865516,0.2615127324500512
1397951127,0.2206274351716375
1398037899,0.2514771916073282
1398124518,0.22745290304400104
1398210322,0.22970740038470092
1398297341,0.22254565606988888
1398382801,0.2026756063671227
1398468239,0.1884290649042308
1398556494,0.19590081109790083
1398642301,0.20659120477740647
1398729504,0.2551153979206473
1398814483,0.20487716733578398
1398902181,0.1873096153184216
1398987666,0.20724588819456388
1399074382,0.20089520564478328
1399160696,0.21166009313349593
1399247468,0.22176722049087327
1399334280,0.21271131259567033
1399418257,0.2172556428324891
1399506912,0.22649775956884577
1399593142,0.22666824653769957
1399679957,0.23111658630407195
1399766002,0.2502366150570915
1399850371,0.2238439659878381
1399938817,0.25344166325650314
1400025388,0.215232963171731
1400111617,0.23582007821117895
1400197752,0.1932368378176981
1400284272,0.18707168024540943
1400369889,0.1812586425397272
1400456795,0.1640591369094217
1400542144,0.1872137490890337
1400629360,0.17774451458827484
1400714599,0.16144004261901837
1400803107,0.17186424821718688
1400889348,0.1647007524261542
1400975832,0.15269066215575633
1401061564,0.15033023398425063
1401148556,0.15378882672039762
1401234492,0.17776105828021704
1401321532,0.14640698345422798
1401407672,0.14537716384207855
1401490357,0.14372082265720307
1401579870,0.1495674261555209
1401667040,0.16975874468006197
1401753566,0.15895215387830255
1401838487,0.1467883903267133
1401926166,0.1674146520563875
1402011918,0.1533759739519522
1402097639,0.1453117928763093
1402185539,0.1546027524838553
1402271885,0.16005697475177452
1402357823,0.15917014422762635
1402444486,0.15819161573471063
1402530713,0.16783474979963123
1402616846,0.1581894189269037
1402703863,0.1611327398906021
1402789574,0.16797651906633093
1402876714,0.17260941354669085
1402963162,0.1511325211572961
1403049206,0.1738210196099358
1403134962,0.1648076277041406
1403222321,0.28727962636869264
1403307376,0.16851600009646261
1403394162,0.17823100653804008
1403474579,0.16539055464917837
1403567744,0.21046197878865897
1403653279,0.18665653305118252
1403740780,0.20030606126842013
1403823514,0.19811783416210335
1403913319,0.21622935037558463
1403998692,0.16010762853051339
1404086275,0.1971051936999507
1404172224,0.1916137286956886
1404252566,0.21794574059863728
1404343452,0.1759277983658905
1404431084,0.17886588964157057
1404517781,0.1588413488717713
1404600737,0.16548735537570536
1404690443,0.17193347307604973
1404777001,0.1753501976511654
1404863128,0.18563339421958738
1404950386,0.18284545229689425
1405034469,0.18443155990383678
1405122957,0.17374169787925026
1405208658,0.18316850217609418
1405295450,0.17682964242695318
1405381576,0.17310711596616457
1405468476,0.181837343137416
1405554938,0.1830387264742595
1405641183,0.16441190352872442
1405727514,0.1579332096614917
1405814064,0.14629793368879795
1405900682,0.16310836714979735
1405987177,0.15182441450255152
1406073165,0.17990710635393628
1406159862,0.1584187324234327
1406246351,0.16442157308660355
1406332242,0.18549717815171415
1406418587,0.1929180554306133
1406504961,0.17878087594931788
1406589786,0.17699907280896973
1406676732,0.181124811792609
1406764179,0.164270714053631
1406824670,0.1935969575176552
1406936928,0.17257851355841197
1407023923,0.19689405650892688
1407108659,0.2039893934401354
1407196482,0.16814909177901516
1407282990,0.16694277833107793
1407368998,0.15818975722831402
1407455504,0.17170199531103858
1407534076,0.2054131876339206
1407626923,0.19733528249295512
1407714923,0.18586433522019863
1407800657,0.19390105955975512
1407885409,0.19074620931961453
1407973912,0.15973152879501795
1408060568,0.18726218051256183
1408146589,0.20865647599410356
1408232171,0.20574623784264892
1408318889,0.15359781792544955
1408405957,0.2025743313489698
1408491144,0.19274314392034098
1408576750,0.20717086676423835
1408665595,0.19188360178833416
1408751844,0.2203800007671315
1408837261,0.22483995008055174
1408924591,0.20681433795357568
1409010730,0.21486477560165312
1409097186,0.20575695645760417
1409182688,0.19747104381704067
1409269564,0.1891251520575104
1409356400,0.18262433333182482
1409441831,0.19453635599338714
1409529077,0.1974681978362571
1409615547,0.21501668987686273
1409702260,0.20941210903616544
1409788364,0.2070121168105314
1409873760,0.20487100637766703
1409961287,0.21639376539885474
1410047938,0.20559486866836044
1410134366,0.1904822478962088
1410220764,0.19970057973070549
1410302876,0.18658866596960175
1410393549,0.18507038671975423
1410479966,0.20412227570627245
1410564078,0.18648954446312938
1410652568,0.1840840990769237
1410736706,0.20462122053633108
1410825294,0.19004363635280963
1410911075,0.183248356368459
1410997982,0.19594103454396733
1411084657,0.1879102501102549
1411170691,0.1775730619275573
1411257236,0.18250889241272358
1411343724,0.16290965648490296
1411430064,0.17173168193209687
1411516717,0.17162049667262902
1411601352,0.16272699846395774
1411689335,0.15718180619381933
1411775640,0.18884199727300807
1411861734,0.18466605683413725
1411947402,0.18972080402992209
1412034523,0.17188797610799833
1412121551,0.1660069107754715
1412203049,0.17070392197853398
1412293417,0.16086210709884344
1412379799,0.16367773837345764
1412466697,0.15933316920320956
1412553473,0.1668529827026735
1412638553,0.17796186840386388
1412725551,0.1918252345760873
1412812638,0.18544825083963223
1412897964,0.15384450930388494
1412985348,0.17638788935964647
1413071678,0.16432321262384444
1413158390,0.19137710353219134
1413244284,0.1884235875408556
1413329512,0.1814397897678876
1413417286,0.17474356755595985
1413502867,0.3140811707790825
1413588474,0.2275266995435443
1413676234,0.19144447902793893
1413758965,0.18343944341913873
1413848156,0.17704760830455332
1413935215,0.19114968995574508
1414022307,0.18779319701551372
1414108531,0.17213108439582048
1414194045,0.17149813294493746
1414280019,0.1830045857305783
1414365999,0.191634204267536
1414454206,0.1836608105974051
1414539917,0.20313034208720163
1414624751,0.21296503139259165
1414713569,0.1708055250791357
1414798936,0.16280354816687073
1414884523,0.20242155948775256
1414972459,0.17374978645621408
1415059059,0.17950642894030291
1415145202,0.1878292632266815
1415230357,0.17936211246298409
1415318348,0.1768172809794734
1415404679,0.1784540463989554
1415490608,0.19569017705627187
1415577186,0.19259040083356802
1415663787,0.2165342336304008
1415750001,0.18782380845258967
1415835175,0.19926523637255275
1415922834,0.16990954186142532
1416009405,0.17334856152137923
1416095310,0.18725264299442235
1416180704,0.18787234045221277
1416265952,0.1893752259122092
1416354811,0.17291416153472688
1416439932,0.1782073106487134
1416525566,0.19387783401157843
1416614318,0.1707622383648933
1416699960,0.18500171852537423
1416786577,0.17805067951600176
1416873463,0.17058895704790358
1416958575,0.14962550293412455
1417046220,0.17315490467079703
1417132435,0.1734162150804482
1417218857,0.17145271315693758
1417305319,0.18782443449844285
1417390740,0.1724237602943398
1417477758,0.17208054302565834
1417563707,0.17018327933504604
1417649557,0.18330150007784846
1417737517,0.19299368704050965
1417823425,0.18064693496524595
1417910250,0.1821098629410955
1417995287,0.17895644900288865
1418083089,0.17538790884621802
1418169138,0.16803996564029378
1418254061,0.1835519867248087
1418341759,0.16654619280477356
1418428530,0.161907884964008
1418513751,0.16764453055392065
1418601586,0.17257157138757875
1418687455,0.19212855486763086
1418773483,0.1667984161373523
1418860025,0.17405445430607822
1418947034,0.18425671508573438
1419032477,0.1750095197944219
1419119171,0.16940339804189525
1419205748,0.18090145057224585
1419292640,0.193239679226841
1419379199,0.2184621730299786
1419465134,0.20769087825239235
1419551799,0.21230197004050733
1419637509,0.1914201350413158
1419722883,0.16337500110056083
1419810599,0.18495235260470705
1419896567,0.20947611227461113
1419982504,0.20037715619724128
1420069374,0.17852538658285305
1420156773,0.17258107394611302
1420242248,0.17006393235236347
1420329069,0.17758936063334305
1420415494,0.17708922610102737
1420502103,0.19332001424823736
1420588762,0.17574893588239018
1420674972,0.19115052064974872
1420761201,0.1901221827870198
1420846150,0.1662728890991774
1420934138,0.19291373388557012
1421020155,0.1992764890627075
1421105909,0.16129771641891577
1421193165,0.16932743189546912
1421279861,0.15512396416214794
1421365498,0.16148514669489128
1421452681,0.1568867546556664
1421538671,0.17356534522648345
1421623815,0.17205329604720312
1421711961,0.16428216628245546
1421797792,0.16807369359171356
1421883964,0.1517538754314531
1421969914,0.15774933423952528
1422056953,0.17634398520499217
1422143518,0.17122924732667885
1422228033,0.16659259549551975
1422314316,0.17378041349065235
1422403119,0.17354940122623047
1422489402,0.17640573435566237
1422574174,0.17362408112810518
1422662300,0.16855188640012364
1422748540,0.17291843897688353
1422834461,0.17373358348596257
1422921274,0.17891873162267513
1423007891,0.17300834244222396
1423093897,0.17533328607660845
1423180478,0.16605751991348372
1423265934,0.16824267971782397
1423353599,0.16443153065784555
1423439838,0.16530809596622595
1423525155,0.16933606073279334
1423611732,0.1696809918288899
1423698287,0.17551148728573038
1423782862,0.17643823361141928
1423870178,0.1757095122045227
1423958314,0.1717800415539743
1424044598,0.17046297526999354
1424130612,0.17436047697510396
1424215746,0.1743000893665964
1424302263,0.1726185866781761
1424389560,0.16313311075159997
1424476048,0.1667334983018505
1424562630,0.17472701875453686
1424648209,0.1957430894944269
1424734690,0.17846998959244825
1424822034,0.1723185028393142
1424908246,0.15276175358861696
1424992852,0.15652279881133838
1425079977,0.15361728908094746
1425167939,0.15573243071230683
1425254350,0.1631393870764141
1425340403,0.15538178318291948
1425427052,0.17527142935792223
1425512940,0.16276537039554867
1425598516,0.1685805562345106
1425684727,0.15535902958941303
1425772024,0.16698359931747336
1425857155,0.16438235405688653
1425944902,0.15223614721903025
1426031762,0.1676478030418877
1426118323,0.16584222414296096
1426204572,0.15472716000385103
1426290776,0.15057943492449954
1426377541,0.16745917822309442
1426460851,0.14371670387787006
1426550172,0.1523139780570139
1426635800,0.14643696481165014
1426722749,0.1529912612454149
1426809003,0.15210183402936026
1426893585,0.17586915577952267
1426982261,0.1480699067260031
1427068377,0.17184582235388454
1427155104,0.16422739211086335
1427240395,0.16128233526830657
1427327620,0.16067425676976543
1427414365,0.14628198699934458
1427499902,0.15157195774737806
1427584075,0.16143652487597482
1427672833,0.15555450998678663
1427759660,0.15892170594461094
1427845475,0.16593381158559203
1427932634,0.1625795541776534
1428018452,0.16048777120989052
1428105255,0.14232991039239173
1428191643,0.1553887737593599
1428277893,0.15513500037167047
1428363975,0.16886718304564965
1428451194,0.15102295560322931
1428537076,0.15486590418902052
1428618557,0.15554477965297847
1428709431,0.15639754499997668
1428795816,0.17011983545028359
1428882519,0.16822604190386775
1428969493,0.15490533996828978
1429055129,0.14783856019397149
1429141921,0.16354525787386037
1429228412,0.16492520331051952
1429314432,0.1674630200147862
1429400143,0.1603441192339906
1429487337,0.17699190366962272
1429574366,0.16501849516836428
1429659344,0.16431477014810794
1429746771,0.16951913773116095
1429832781,0.1716122878884073
1429919822,0.15416071489914626
1430006203,0.16224567193032127
1430092708,0.14863279590101863
1430178652,0.1413432882130314
1430265345,0.1543579572606221
1430349711,0.1436536865002911
1430437442,0.16611654060142783
1430524589,0.1481200850541112
1430610615,0.14698304137468346
1430696372,0.16430153901321873
1430783561,0.16242825169553485
1430869270,0.15278715469991744
1430956372,0.17126624077414465
1431042360,0.15503672784576444
1431127182,0.16127948740508272
1431215866,0.15536002970304189
1431302295,0.1661831063789349
1431387597,0.15371092515644344
1431474705,0.16255745298416405
1431560576,0.1640327606940561
1431647658,0.15865271302725636
1431734151,0.16353484502099064
1431819566,0.1679850177463558
1431906629,0.16293956012443359
1431993445,0.15474729162696724
1432079379,0.1804100597061115
1432165998,0.19026582615747845
1432252787,0.16379221440745526
1432338933,0.16520140409170686
1432424999,0.15133240512032511
1432510644,0.16243396436394508
1432594647,0.18238607044528382
1432683040,0.18687830253382876
1432770983,0.18675540231065735
1432857525,0.1648568150619012
1432943921,0.1550919882247889
1433030384,0.1564629998687984
1433115637,0.1696293252972803
1433202454,0.1487632702571173
1433288650,0.15486697879350045
1433373890,0.17584017803168986
1433461379,0.1543355029751202
1433548180,0.19429229061914255
1433635013,0.16595914412228233
1433718233,0.16751682311611377
1433806569,0.16832067083215152
1433894139,0.15409591996010272
1433980401,0.15620136621725914
1434067098,0.15327995174894107
1434152535,0.14996443953360894
1434239116,0.16523700614688555
1434326315,0.15973153282881855
1434412712,0.185908226197771
1434497626,0.1542524378774775
1434584346,0.16166087357072495
1434669423,0.1718097214520316
1434757156,0.13752672767508758
1434844186,0.15704741824437818
1434929664,0.15003303350605787
1435016279,0.14218416648750046
1435102897,0.1467796119698468
1435189352,0.1490228673771935
1435274073,0.17306040805117295
1435363022,0.1534424176397611
1435449364,0.16089807327175634
1435535360,0.14882502720646867
1435620935,0.16448844435727608
1435708191,0.16342517539486834
1435795098,0.17903644222691414
1435881271,0.1706913045191761
1435967230,0.17292470185569564
1436054327,0.16256760848055551
1436140484,0.17936137723559467
1436226454,0.16185766576005378
1436313358,0.162929484497294
1436376871,0.16347212184193544
1436486003,0.16922492441677278
1436569981,0.16557909610275925
1436658643,0.19485183631130049
1436745295,0.17195992136198604
1436829993,0.16269630715762992
1436917937,0.169013216308504
1436999815,0.16514299923065437
1437091082,0.16493196880088642
1437176763,0.1608050374257897
1437263106,0.1518112772207563
1437349579,0.16670864390499138
1437435510,0.15698140832459384
1437522954,0.17203590391253465
1437609425,0.15372448276026124
1437695763,0.17580447002201538
1437782146,0.16306570728816822
1437868134,0.17126911660505265
1437953432,0.1617950178786098
1438041408,0.14969130713007828
1438127345,0.15915321517326678
1438214398,0.1673124019341695
1438298701,0.17018156470087084
1438387112,0.17271404630046347
1438472620,0.17446744771970457
1438558518,0.1846991555126634
1438645903,0.21443188882806602
1438732697,0.21073575310432516
1438818453,0.19825299337421928
1438905455,0.17561779998299304
1438989561,0.17708828461196724
1439078209,0.17764619688380207
1439162807,0.17833417582895492
1439250766,0.17940397174965406
1439336648,0.18951282127096772
1439423622,0.1854166314902463
1439510234,0.18321551639101138
1439595722,0.18210596978567606
1439682304,0.17508092478804918
1439769391,0.16241896588655283
1439855910,0.18293133675223655
1439942215,0.17438682764306576
1440028316,0.19396146437914524
1440114619,0.18123145660612108
1440201225,0.16421414833673226
1440286792,0.16705940142267509
1440373780,0.16937236171115608
1440459719,0.1661958112373058
1440547173,0.18246848663886994
1440632237,0.18837211839655538
1440719811,0.16796428589371026
1440806285,0.1633880733037064
1440891787,0.1942980390539181
1440978418,0.17398889240708054
1441065458,0.18115036914645274
1441151352,0.16220219159365
1441238163,0.17131876704312218
1441323453,0.15775593757110806
1441410444,0.1644337476346555
1441496165,0.16962332461550722
1441583947,0.18179513344793388
1441667416,0.16179908556313521
1441754463,0.1489936658878874
1441840424,0.15210491934897943
1441929592,0.16080649900620722
1442015154,0.1767252067915699
1442102208,0.17034935843552382
1442187907,0.18449797454828135
1442274707,0.18115850370874342
1442360229,0.17514425599531486
1442446389,0.18551032296327052
1442533349,0.16947190542209128
1442619003,0.17420130427909408
1442707003,0.17266086467334837
1442792202,0.18267185741913788
1442879817,0.17873254698432503
1442966221,0.18641507270536564
1443051837,0.17884330412308916
1443139187,0.16967715595343902
1443225528,0.18215709659476534
1443310160,0.17938576801430478
1443397957,0.18253744177093262
1443484659,0.16366962451801004
1443571142,0.1598951994476173
1443657435,0.18401180476472404
1443742311,0.17482900721755595
1443830327,0.19804479655491306
1443915454,0.17199997485058727
1443971117,0.18121153581631624
1444088191,0.18369790811692638
1444175096,0.15502773919342663
1444262048,0.18334745958836865
1444348755,0.17930130775949446
1444434418,0.17963691324644307
1444520601,0.1789051589593351
1444605415,0.18994203755492856
1444694113,0.1915009183524189
1444780744,0.19189869465666046
1444866811,0.19989061073238806
1444951905,0.17689801669172942
1445039831,0.1919519505057066
1445125533,0.18490974518248574
1445208681,0.172546491097886
1445298804,0.19355438693747937
1445384493,0.18452619421052133
1445471994,0.1986403958189969
1445556161,0.17505480915620236
1445644469,0.18175313405392304
1445731114,0.17823744421487822
1445817533,0.18009984538042187
1445902096,0.20004693906113463
1445989482,0.1726466062639063
1446076676,0.16842604015791376
1446162597,0.16790574657263777
1446248541,0.1814046333132152
1446335655,0.15914961514069098
1446422330,0.17524059498613312
1446508546,0.16460823075530406
1446594792,0.16389179280907565
1446681439,0.18491856280167807
1446767773,0.17357195528106723
1446853046,0.17443733217118243
1446940756,0.18492998222225762
1447026901,0.1787890193859699
1447113314,0.18314089968534608
1447199306,0.1706002557233852
1447285541,0.16744614850931516
1447371974,0.16895269504673652
1447459191,0.183790379499729
1447545517,0.1643378935066694
1447631723,0.1893409676504705
1447717719,0.1581303656996347
1447803796,0.1725613911505436
1447891184,0.184813651715664
1447977190,0.1817358973550377
1448063130,0.16407812051288703
1448149296,0.17554755403473823
1448235201,0.16818978126351103
1448322501,0.17152625929192356
1448408794,0.17532032924016006
1448495901,0.17480664544054783
1448580061,0.17104607163465657
1448666803,0.1605459730363128
1448754398,0.1632476405696056
1448841363,0.16644816822314443
1448927919,0.16554215912850187
1449012776,0.1681246092985714
1449100246,0.15160947397540164
1449186883,0.15520002711978848
1449273361,0.15496546457299823
1449358653,0.1711093240483505
1449445635,0.17655774140828578
1449532583,0.18604255417804322
1449618829,0.18258696043818254
1449704595,0.17421900943668917
1449789053,0.17580573098808305
1449878159,0.17280574642059132
1449963571,0.1683334590557348
1450050869,0.17661464919147546
1450136226,0.17463256865807975
1450223541,0.18499819997557057
1450309857,0.17940788964571716
1450395298,0.1632209338515108
1450482780,0.1666224786971273
1450566883,0.1723532575274468
1450653136,0.17880825442967266
1450741210,0.17303222173501795
1450828688,0.17240834579764566
1450914996,0.17364471240465576
1451000450,0.1570111390485387
1451087915,0.16382359872072622
1451173249,0.16640989875008874
1451260412,0.16613387895208834
1451346185,0.1618137336377153
1451433425,0.18013283568417188
1451518883,0.17331918415836695
1451605582,0.17966878699418687
1451691271,0.16612935464133496
1451778774,0.16822573506610208
1451865061,0.1814440900682476
1451951782,0.18068491266005823
1452037753,0.17554486053161736
1452123071,0.17835275363207986
1452209103,0.18596670958347516
1452297059,0.16709132061790566
1452383345,0.16893497778773964
1452469679,0.16705824802462343
1452554020,0.17521740063268107
1452642134,0.18000671621920133
1452727368,0.16403356852985632
1452812863,0.16217645002957887
1452902098,0.16384695926676301
1452988594,0.16313212273937291
1453073065,0.17369285473914087
1453160976,0.16422686314514462
1453246152,0.16922716371394605
1453334225,0.1716926796519321
1453419320,0.173691290162348
1453507199,0.17149679103393775
1453591750,0.2125569818049811
1453679829,0.1928862577872408
1453766247,0.19523420080804832
1453852668,0.20154088992172134
1453938692,0.1875366948961782
1454025123,0.215436334489839
1454110676,0.22511437760299516
1454198023,0.21660265011562332
1454284746,0.2236821734727983
1454370827,0.2198259717006746
1454457388,0.23693696660252697
1454543586,0.224440116538004
1454629568,0.2384678735306939
1454716443,0.22701619948828586
1454801691,0.21464520212005372
1454889461,0.22897162144027394
1454975596,0.2156705579284588
1455062336,0.23194230743832514
1455147988,0.23429273259110206
1455234859,0.2557512531701225
1455321556,0.23971065576309886
1455407439,0.24718957217179602
1455494343,0.23009768081174686
1455580744,0.21751944505523116
1455667091,0.2260335651241991
1455753197,0.2359143274243662
1455839364,0.2285906892116593
1455926098,0.2488400549335996
1456012751,0.24006302196046198
1456098541,0.23741550416642834
1456185338,0.23437704413313026
1456271769,0.24410069070667365
1456358291,0.2433166411529025
1456444296,0.22807950878869962
1456530992,0.21782039105174136
1456617409,0.21966258314519727
1456703587,0.22731162616989462
1456790015,0.23836567100732295
1456876596,0.2216771247477042
1456963081,0.21874614102868195
1457048968,0.22824565054754672
1457135787,0.21180147892021858
1457221374,0.21878457239160176
1457308709,0.23153571351489122
1457393815,0.23548244910092916
1457481357,0.22179277381091642
1457567864,0.21834194936796558
1457654093,0.21846769610976063
1457740759,0.22668026484320827
1457827136,0.24964534406105185
1457913154,0.23884973514696686
1457999677,0.23967443976346878
1458085908,0.24016691168816404
1458172622,0.24019463465509008
1458258487,0.253996982063472
1458344397,0.26302612327141117
1458431902,0.25190398115684787
1458517455,0.2523788076241969
1458604326,0.2572662653104038
1458655927,0.2557613164269402
1458777575,0.2700984309660722
1458863697,0.26589787439349777
1458950303,0.26294180957802266
1459036626,0.268619372359462
1459122896,0.2445910306332916
1459209469,0.25351132860639153
1459295913,0.25150215330328324
1459382112,0.2561438780420774
1459467779,0.24550453022672897
1459554783,0.23704372032865526
1459641319,0.2370889435361059
1459727781,0.24523843653632588
1459814341,0.23386201976711848
1459900749,0.24426609132189045
1459986318,0.23742265582597274
1460072883,0.22966032270465428
1460159323,0.22597500321384323
1460246021,0.22008838817845042
1460332448,0.2190932280567394
1460418869,0.21643542891173556
1460505481,0.2183965301860489
1460591587,0.2412284143837489
1460678237,0.226001817231034
1460764402,0.24515564197224346
1460851020,0.2274950027451868
1460937571,0.2413368948454542
1461023488,0.2246135551732171
1461109618,0.25181854579797236
1461196663,0.24730166503639894
1461282008,0.2591304499536529
1461368171,0.24843924870726705
1461455749,0.2588608694460109
1461541863,0.23964442183292117
1461628665,0.24201881771130568
1461714627,0.24800240907801163
1461801457,0.24670567288013664
1461887927,0.2465399804866764
1461973561,0.2431026552918947
1462060572,0.235915757272219
1462146755,0.24741218633228798
1462233335,0.24143962203182323
1462319639,0.22916562170174726
1462406241,0.2394184313813267
1462491946,0.25299068569398353
1462578750,0.2508403136549408
1462665201,0.24999062098831987
1462751362,0.25370551146457204
1462838305,0.2913137889354225
1462924666,0.28021324083115295
1463011191,0.25747548644614243
1463097597,0.25881087855517065
1463183330,0.2376633992309629
1463269701,0.2412155688801971
1463356419,0.26155696872095496
1463443113,0.2604268957178847
1463529481,0.28082145647891454
1463615802,0.27340074135879955
1463702368,0.2738017339467198
1463788395,0.2671339118423789
1463875039,0.2847430951022173
1463961339,0.26621693215470354
1464047474,0.27610776066980885
1464133884,0.2754890762338092
1464220506,0.253646652935412
1464306343,0.26660739867441724
1464393535,0.2799501372626749
1464479936,0.2663704919516381
1464565749,0.27962984650308564
1464652646,0.26009951703280043
1464739137,0.2689922948046845
1464825002,0.2689822000842221
1464911689,0.28044481460061843
1464998331,0.263601974930196
1465084225,0.24197970947664516
1465171068,0.23903160603895496
1465257460,0.24946469648632583
1465343878,0.24121843099618306
1465430084,0.2566345011414975
1465516313,0.2563388063466088
1465602977,0.24225583926294192
1465689478,0.2557635893391185
1465775417,0.2592615648772869
1465861790,0.2382326166323603
1465948684,0.259648144157822
1466034542,0.2651247021175055
1466121405,0.24484436352995548
1466207642,0.23637096602264834
1466294318,0.24380697839032003
1466380654,0.2326637688109012
1466466856,0.24762599712634972
1466553318,0.2654242110053218
1466639252,0.27087772171081514
1466726093,0.27477015131505067
1466812444,0.27112189169495526
1466899164,0.24018045745950006
1466985331,0.23119156201799068
1467071987,0.25130610037514445
1467157943,0.24409770972803
1467244622,0.23049069642451991
1467331177,0.22442541494833593
1467417221,0.2445029854054277
1467503867,0.22071933563719517
1467590060,0.23304183677216955
1467676369,0.23770823358003568
1467762876,0.21677152840479771
1467848824,0.23307320495023812
1467935839,0.23316566799651953
1468022273,0.2176794702277679
1468108450,0.21236695779521955
1468195073,0.2443358351964305
1468280874,0.23052110428912556
1468367947,0.2301015591765641
1468453251,0.24462140515181227
1468539752,0.23387215832154742
1468626925,0.24604637855997297
1468713186,0.2661460238563902
1468799291,0.23480021509459137
1468886338,0.23875417844454505
1468972252,0.25543535979102766
1469058888,0.21744443599522745
1469144980,0.21840709013818058
1469231502,0.2251955131993507
1469318209,0.21217726993550806
1469403748,0.21746943749134845
1469490815,0.2256463727059727
1469577560,0.22335641960259592
1469663869,0.21988592231411713
1469750315,0.21663644260785272
1469836710,0.21087652763579684
1469923008,0.2224669738310585
1470008948,0.21723220671992108
1470095078,0.22571082315844496
1470181750,0.2314227641399608
1470268698,0.22401001927199202
1470354907,0.23555970418110714
1470441400,0.2276480303493621
1470527917,0.20929942158935402
1470614069,0.21568974322195417
1470700018,0.2111320777781907
1470787190,0.21557503806808245
1470873366,0.20848901222433971
1470959676,0.21710725087196373
1471045946,0.21475995164573206
1471131723,0.20601420644357105
1471218961,0.21203300347731668
1471305375,0.20918016550164498
1471391787,0.2173196320870927
1471478070,0.22431820674734
1471564504,0.21194098253558108
1471651186,0.22201469254418488
1471737514,0.2230839990304112
1471823788,0.22451808802116857
1471909326,0.21453878051017483
1471996561,0.2131429652951938
1472082360,0.21890058584146818
1472168819,0.21772263888611276
1472255973,0.22245510047345138
1472341904,0.217539607873072
1472428565,0.21364117409110286
1472512746,0.23851169539581596
1472601547,0.24239978301708526
1472687855,0.23925386630067424
1472774324,0.22220827813095648
1472860218,0.23958886752429295
1472947183,0.23731206407303324
1473033582,0.22095997497012984
1473119996,0.24185523607123963
1473206254,0.22938241858393343
1473292626,0.22523658105434285
1473379155,0.22499390895482566
1473465559,0.2210896081443433
1473551786,0.23660264870473
1473638140,0.23966520236009395
1473724426,0.22408570493481644
1473810850,0.2348679423377513
1473897349,0.24589958425340538
1473983996,0.2343700592040107
1474070273,0.23021251262695744
1474155576,0.25828370276823037
1474238534,0.2622558459196498
1474329269,0.2295298187673512
1474415954,0.2369599686781504
1474502212,0.22457571274518495
1474588763,0.23416121428740802
1474675154,0.24157368889073658
1474761486,0.23069697127230007
1474847745,0.27909362478383903
1474933779,0.23249892996964802
1475020537,0.2376900701826924
1475107164,0.25800594063729065
1475193326,0.26153050940929695
1475279570,0.2327939309508334
1475365739,0.24528044695605836
1475452612,0.24359277766220025
1475539049,0.24028077566015055
1475624429,0.23402731631027981
1475711217,0.24178455743064042
1475798172,0.23760293901404453
1475884605,0.23989253499160818
1475970921,0.24604502158945102
1476057165,0.24514754425199825
1476143539,0.23596152074003005
1476230319,0.24055694470877317
1476316742,0.24334175667112048
1476402725,0.2927639943041785
1476489545,0.2666069692091133
1476575929,0.2906808557711022
1476662270,0.27324826504070626
1476748562,0.27940139731556524
1476835104,0.3039042132238322
1476921446,0.29580084108615645
1477007997,0.28662884148535545
1477094390,0.29619834120951694
1477180776,0.2936709884529276
1477267111,0.28482201157040254
1477353323,0.2744048656611247
1477439647,0.30233254258923836
1477526195,0.2794391144268587
1477612792,0.2852189593320008
1477699096,0.27888468870334276
1477785578,0.2929413567516956
1477871885,0.29839644601782384
1477958330,0.27898934592883906
1478044754,0.2893207622807176
1478131015,0.2746110711275345
1478217330,0.2722251210996304
1478303370,0.26839929787982797
1478390372,0.2695375958023224
1478476576,0.26360773546637334
1478562989,0.2633852156968154
1478649532,0.2596486050867706
1478735901,0.25163865442639893
1478822232,0.25500957949841824
1478908769,0.2634204049597327
1478995064,0.2593080237723214
1479081258,0.26295531931407334
1479167948,0.27515537335614376
1479253360,0.25872177674046953
1479340480,0.2630982384828642
1479426591,0.2684148672744652
1479513122,0.26161276129273864
1479599355,0.26528998978630547
1479685665,0.25399993023387074
1479772263,0.26065896026642316
1479858876,0.26338264670367306
1479945026,0.2590891543233868
1480031098,0.25587799222686525
1480118330,0.2518016441734569
1480204601,0.2612227444073319
1480291189,0.28270391477672335
1480377584,0.27328033536899937
1480463871,0.2656858352446597
1480550394,0.28276380622775704
1480635484,0.2913900971481395
1480722934,0.27031353230740607
1480809442,0.28406071130741717
1480895510,0.2705107639120803
1480982125,0.26531787840797616
1481068797,0.2785394287180373
1481155015,0.2764073470065967
1481240778,0.28745622293193573
1481327791,0.28067576474451106
1481414013,0.28809228659444197
1481500795,0.2887796817141879
1481586982,0.27258930203003195
1481673513,0.293068637951239
1481759867,0.2852372324487204
1481845942,0.2775048376576177
1481932772,0.27816771157243414
1482018747,0.2725680425562679
1482105288,0.275655874426474
1482191293,0.25946035514251314
1482278065,0.262256680647454
1482364795,0.2799624524559078
1482450966,0.28038016380271635
1482537256,0.27953509709862395
1482623493,0.26801277937522194
1482710101,0.26900451506914325
1482796631,0.2778755627571932
1482883078,0.2685331501405494
1482969164,0.2637855865416031
1483055030,0.27263904040495457
1483142151,0.28358585418318355
1483228142,0.2745507676909995
1483315126,0.2578200633745463
1483401388,0.2869022699698502
1483487673,0.2851219055517161
1483574194,0.2691898386255252
1483660333,0.27683437912199244
1483746760,0.29612361155743483
1483833229,0.3114586171012843
1483919944,0.28114553685970783
1484000661,0.2838964285928068
1484092648,0.33566935034864026
1484179064,0.31626164034900467
1484265584,0.2632327011920765
1484351612,0.26498325958865443
1484438369,0.2589174351629096
1484524642,0.2696264394537851
1484611101,0.2788480400113683
1484697549,0.27603851994466366
1484783828,0.28536766108841227
1484870314,0.2882739563342401
1484956201,0.2713033108012761
1485042911,0.2871349987508875
1485129433,0.2837891020669932
1485215845,0.270522277992514
1485301642,0.276908614230121
1485387853,0.29767484884062756
1485474553,0.2639317504995969
1485561555,0.2595170445626303
1485647474,0.26646131835055586
1485733752,0.26842828638446237
1485820721,0.25602759378973067
1485906984,0.27202533152753544
1485993487,0.27749614616192414
1486078908,0.26087692237914273
1486165641,0.25695599773854627
1486252406,0.25392557949012506
1486339036,0.2581800822294884
1486425108,0.2582091965887015
1486511365,0.2682934165303095
1486597468,0.2676394774838229
1486684473,0.2765841137962251
1486770811,0.27880677530690684
1486857561,0.2672636977631751
1486943526,0.2689853112201651
1487029394,0.282045240855092
1487116604,0.25953663296726565
1487202650,0.2685759450000386
1487289466,0.2661351656719341
1487375522,0.27879960616755983
1487462022,0.2871778242672613
1487548710,0.2756921684129157
1487635158,0.2812971986189999
1487721321,0.26807303440614977
1487807945,0.2959342111732461
1487894025,0.29499752690747816
1487980410,0.2843028512141752
1488067083,0.281197966317471
1488153205,0.2864203706365284
1488239718,0.28580468707925544
1488326397,0.28087720145185113
1488412698,0.2810865000365613
1488498974,0.2802893922634867
1488585105,0.29211803411527937
1488671820,0.26869171453942875
1488757417,0.26131563127159635
1488843958,0.2610696288663035
1488930568,0.2583000563337043
1489017476,0.25542171935983754
1489103686,0.26644470393264313
1489190289,0.25414748235711115
1489275994,0.25968712465546356
1489363127,0.26473718914659145
1489449543,0.26817281369104
1489535923,0.27152834820024874
1489622115,0.26634500317240456
1489708600,0.27419455889518446
1489794813,0.28133050920651753
1489880762,0.28231235617272715
1489966694,0.2760993337914347
1490053517,0.28075885888551805
1490140734,0.2572565072778315
1490227124,0.2933333986050037
1490313526,0.29423819971082643
1490399940,0.2870661611368823
1490486108,0.2921165875943841
1490571852,0.28330038453497675
1490659054,0.2882514528363709
1490745336,0.2979709948833434
1490830834,0.2765030260676367
1490917829,0.2839397053570077
1491004638,0.28441091296737814
1491091010,0.28976214450728915
1491177326,0.28550017493409446
1491263977,0.2990887185403357
1491349918,0.2866930555571125
1491436524,0.2863516973326677
1491523140,0.30295189636721764
1491609567,0.28518921005257314
1491695548,0.3055507568448895
1491782032,0.3183608358287508
1491868437,0.29071412844089417
1491954660,0.27107510229719156
1492041197,0.3007901791295263
1492127834,0.2785097872755457
1492214069,0.2760692505133173
1492300099,0.2901877602208341
1492387084,0.2933354596081904
1492473443,0.2860822362255234
1492559972,0.2857238752626281
1492645740,0.304607941471129
1492732649,0.3142788885911891
1492818947,0.2926043157695733
1492905315,0.28559649375590973
1492991876,0.25638830995433654
1493078058,0.30085012113752757
1493164701,0.2994343101040505
1493251192,0.3049176682447861
1493337048,0.288629075734973
1493423933,0.3073920381061699
1493510365,0.2959420598735342
1493595218,0.2977086069110918
1493682641,0.29734316662814286
1493768892,0.2889482507453162
1493855858,0.2585711363394895
1493942133,0.29006508615941634
1494027877,0.2900261330916189
1494114488,0.30873634249424453
1494201216,0.3075952365086922
1494287949,0.30477960630975814
1494374270,0.2978842947935197
1494460308,0.31282422022544887
1494546944,0.3102067491364071
1494633205,0.30606935327579293
1494719607,0.3042849305853349
1494806266,0.31813564837239583
1494892704,0.31126188595680454
1494978622,0.3113577438496712
1495065028,0.29534156196200134
1495151259,0.33248312359390986
1495238273,0.2959785404904837
1495324583,0.28969558330142275
1495411070,0.2955354793961023
1495497499,0.29558661857551344
1495583998,0.2895209366773899
1495648888,0.3134358430901175
1495755592,0.3515052326441159
1495843033,0.32277105859973015
1495929255,0.30921737724963755
1496015999,0.312147730620086
1496102325,0.2929271658411835
1496188046,0.2969666132245399
1496275023,0.30714971909866523
1496360514,0.29456519464701353
1496447960,0.2917059117336626
1496534338,0.28002793340997345
1496620743,0.29401966910114224
1496707134,0.2983047819329813
1496793185,0.28363182687078575
1496879594,0.29718655916039477
1496966150,0.2902411061580936
1497052506,0.2996409264802815
1497138786,0.2935866774487395
1497225235,0.29114862604552105
1497311497,0.29580656236000796
1497397138,0.3294582935039203
1497483805,0.3432206923025166
1497570973,0.37124441025804417
1497657332,0.36909902372762343
1497743311,0.3824651403417205
1497830236,0.3597531907169905
1497916626,0.34523121247474503
1498002976,0.3440220818204685
1498089206,0.3261303741247016
1498175906,0.3496721141817304
1498262349,0.325311161124337
1498348014,0.3434558182367907
1498435171,0.33036967104932186
1498521539,0.32513728253593843
1498607874,0.3053077695710854
1498694227,0.3072450101080875
1498780443,0.3043343537859706
1498866986,0.34654903039023766
1498953382,0.3463420770571965
1499039670,0.3208398588135871
1499126301,0.32030222391953017
1499212486,0.33414493004075874
1499298610,0.31260106203971594
1499385546,0.2945089223218785
1499471722,0.31269417452789394
1499558360,0.32541007529345856
1499644661,0.3058597077842311
1499730642,0.30074312861040375
1499817585,0.2875991213938835
1499903769,0.3017307441803919
1499989960,0.2998648163974434
1500076744,0.3069989555323069
1500163136,0.30304247562861863
1500249099,0.3092442654887594
1500335522,0.30681104873002046
1500421812,0.3027326794735913
1500508499,0.28290947510395714
1500595056,0.28216425491476504
1500681481,0.30770565937984656
1500767102,0.2871291486643368
1500854194,0.299511158577128
1500940609,0.2926648668814652
1501026912,0.31001294142168245
1501113573,0.2975860232068075
1501199619,0.2956296697158008
1501286207,0.2981761268209534
1501372697,0.3223541857456064
1501459194,0.33072945675058923
1501545187,0.34665565126986614
1501631999,0.33130926341640266
1501717691,0.3345470824808116
1501804699,0.34889995976808963
1501890071,0.31402504851132973
1501977431,0.3402710907112834
1502035521,0.3901364719971751
1502150254,0.37151260528964003
1502236769,0.3308831208884993
1502323144,0.29626606764591673
1502409498,0.2947091505025587
1502495863,0.3009702033475996
1502582347,0.29852933527588194
1502667988,0.29377334452964143
1502754771,0.3009569356395849
1502841519,0.30519849203038146
1502927661,0.3043952902602799
1503014240,0.30894908648250746
1503100682,0.2973745275453703
1503187142,0.306938559318358
1503273023,0.29890358941314266
1503359656,0.30521343134536494
1503446387,0.3197846590659003
1503531318,0.30291195259799275
1503618868,0.31356974967268697
1503705562,0.328398749890827
1503791613,0.3093353478995553
1503878338,0.30103208964749023
1503964707,0.3120293479846669
1504050763,0.3073627973545379
1504137250,0.3091106176072684
1504223529,0.3057800805603801
1504310308,0.29655522660815264
1504396727,0.3012412137030944
1504483097,0.31279725426843547
1504569595,0.3098974467185732
1504655991,0.36300243135333937
1504742376,0.3316657564607
1504828640,0.34244470416478523
1504915071,0.29945182459733727
1505001538,0.3271526763460522
1505087938,0.3160086825957967
1505174240,0.32189212760175767
1505260124,0.28798384351262224
1505347116,0.27408612146068556
1505433570,0.2920975545096314
1505519926,0.25359912293185805
1505606264,0.2664964613592263
1505692600,0.2565801244337245
1505779074,0.23422320734855454
1505865570,0.23755381189437288
1505951771,0.24744351363451048
1506038333,0.23832871520866278
1506124787,0.26457208972181945
1506211007,0.23212349500449153
1506297394,0.24565776678177537
1506383841,0.24625458640500084
1506469985,0.2698634088349336
1506556725,0.2531827564541697
1506642818,0.25516473183982974
1506729588,0.2513412250972521
1506815996,0.24594891144958683
1506902141,0.2553050387193518
1506988255,0.23810401557326044
1507074940,0.250648110855015
1507161590,0.25510756750692193
1507247932,0.2649160384530098
1507334366,0.2573656296516723
1507420509,0.2620816693678468
1507507184,0.25078944716045026
1507593466,0.27515276348715534
1507679933,0.25405573436921614
1507766334,0.2747407672290374
1507852668,0.25824224094537956
1507939001,0.2747429965761692
1508025561,0.27996234300545153
1508111783,0.26871363313621094
1508198243,0.27844245184888405
1508284753,0.2958699944122886
1508371102,0.29674965068760906
1508457435,0.274187984338046
1508543917,0.29093151936744877
1508629659,0.28849768839533846
1508716772,0.28006137684399085
1508803154,0.2608131426132503
1508889363,0.26741245572387495
1508975993,0.267600185576775
1509062242,0.26484996264781563
1509148506,0.2651264708046087
1509234892,0.247098999633396
1509321482,0.2660453937084933
1509407773,0.27439599076196386
1509494248,0.29309272834626443
1509580608,0.30479243487134744
1509667178,0.30284377625836595
1509753582,0.2942887881419956
1509839757,0.26861782095975106
1509926280,0.263751802654815
1510012528,0.26402088108874233
1510099032,0.26613013901854604
1510185594,0.26060301387237655
1510271964,0.2603689969643475
1510358082,0.28773003113152695
1510411177,0.28862589763794
